date,Team,Mentions
2021-09-01,kansas,0
2021-09-02,kansas,1
2021-09-03,kansas,1
2021-09-04,kansas,0
2021-09-05,kansas,0
2021-09-06,kansas,0
2021-09-07,kansas,0
2021-09-08,kansas,0
2021-09-09,kansas,0
2021-09-10,kansas,1
2021-09-11,kansas,0
2021-09-12,kansas,0
2021-09-13,kansas,0
2021-09-14,kansas,2
2021-09-15,kansas,0
2021-09-16,kansas,1
2021-09-17,kansas,0
2021-09-18,kansas,0
2021-09-19,kansas,0
2021-09-20,kansas,0
2021-09-21,kansas,1
2021-09-22,kansas,0
2021-09-23,kansas,0
2021-09-24,kansas,0
2021-09-25,kansas,0
2021-09-27,kansas,1
2021-09-28,kansas,1
2021-09-29,kansas,2
2021-09-30,kansas,0
2021-10-01,kansas,1
2021-10-02,kansas,0
2021-10-03,kansas,2
2021-10-04,kansas,0
2021-10-05,kansas,0
2021-10-06,kansas,2
2021-10-07,kansas,1
2021-10-08,kansas,1
2021-10-09,kansas,0
2021-10-10,kansas,0
2021-10-11,kansas,0
2021-10-12,kansas,0
2021-10-13,kansas,1
2021-10-14,kansas,1
2021-10-15,kansas,0
2021-10-16,kansas,0
2021-10-17,kansas,1
2021-10-18,kansas,1
2021-10-19,kansas,0
2021-10-20,kansas,2
2021-10-21,kansas,0
2021-10-22,kansas,3
2021-10-23,kansas,0
2021-10-24,kansas,0
2021-10-25,kansas,1
2021-10-26,kansas,0
2021-10-27,kansas,3
2021-10-28,kansas,0
2021-10-29,kansas,0
2021-10-30,kansas,0
2021-10-31,kansas,1
2021-11-01,kansas,0
2021-11-02,kansas,0
2021-11-03,kansas,1
2021-11-04,kansas,1
2021-11-05,kansas,0
2021-11-06,kansas,1
2021-11-07,kansas,0
2021-11-08,kansas,1
2021-11-09,kansas,11
2021-11-10,kansas,16
2021-11-11,kansas,4
2021-11-12,kansas,5
2021-11-13,kansas,12
2021-11-14,kansas,2
2021-11-15,kansas,7
2021-11-16,kansas,3
2021-11-17,kansas,4
2021-11-18,kansas,9
2021-11-19,kansas,4
2021-11-20,kansas,3
2021-11-21,kansas,2
2021-11-22,kansas,3
2021-11-23,kansas,8
2021-11-24,kansas,6
2021-11-25,kansas,4
2021-11-26,kansas,2
2021-11-27,kansas,3
2021-11-28,kansas,11
2021-11-29,kansas,4
2021-11-30,kansas,1
2021-12-01,kansas,3
2021-12-02,kansas,5
2021-12-03,kansas,2
2021-12-04,kansas,9
2021-12-05,kansas,5
2021-12-06,kansas,5
2021-12-07,kansas,1
2021-12-08,kansas,5
2021-12-09,kansas,6
2021-12-10,kansas,2
2021-12-11,kansas,10
2021-12-12,kansas,5
2021-12-13,kansas,4
2021-12-14,kansas,3
2021-12-15,kansas,6
2021-12-16,kansas,0
2021-12-17,kansas,3
2021-12-18,kansas,7
2021-12-19,kansas,9
2021-12-20,kansas,7
2021-12-21,kansas,3
2021-12-22,kansas,7
2021-12-23,kansas,4
2021-12-24,kansas,0
2021-12-25,kansas,0
2021-12-26,kansas,1
2021-12-27,kansas,2
2021-12-28,kansas,0
2021-12-29,kansas,3
2021-12-30,kansas,7
2021-12-31,kansas,1
2022-01-01,kansas,6
2022-01-02,kansas,2
2022-01-03,kansas,4
2022-01-04,kansas,4
2022-01-05,kansas,9
2022-01-06,kansas,3
2022-01-07,kansas,1
2022-01-08,kansas,7
2022-01-09,kansas,3
2022-01-10,kansas,5
2022-01-11,kansas,3
2022-01-12,kansas,6
2022-01-13,kansas,5
2022-01-14,kansas,1
2022-01-15,kansas,13
2022-01-16,kansas,5
2022-01-17,kansas,6
2022-01-18,kansas,6
2022-01-19,kansas,8
2022-01-20,kansas,1
2022-01-21,kansas,0
2022-01-22,kansas,5
2022-01-23,kansas,9
2022-01-24,kansas,3
2022-01-25,kansas,7
2022-01-26,kansas,6
2022-01-27,kansas,4
2022-01-28,kansas,6
2022-01-29,kansas,11
2022-01-30,kansas,6
2022-01-31,kansas,3
2022-02-01,kansas,8
2022-02-02,kansas,4
2022-02-03,kansas,6
2022-02-04,kansas,5
2022-02-05,kansas,5
2022-02-06,kansas,7
2022-02-07,kansas,4
2022-02-08,kansas,9
2022-02-09,kansas,5
2022-02-10,kansas,7
2022-02-11,kansas,3
2022-02-12,kansas,8
2022-02-13,kansas,9
2022-02-14,kansas,5
2022-02-15,kansas,8
2022-02-16,kansas,8
2022-02-17,kansas,2
2022-02-18,kansas,8
2022-02-19,kansas,12
2022-02-20,kansas,4
2022-02-21,kansas,3
2022-02-22,kansas,5
2022-02-23,kansas,6
2022-02-24,kansas,7
2022-02-25,kansas,7
2022-02-26,kansas,13
2022-02-27,kansas,10
2022-02-28,kansas,5
2022-03-01,kansas,6
2022-03-02,kansas,12
2022-03-03,kansas,7
2022-03-04,kansas,8
2022-03-05,kansas,14
2022-03-06,kansas,9
2022-03-07,kansas,6
2022-03-08,kansas,4
2022-03-09,kansas,8
2022-03-10,kansas,10
2022-03-11,kansas,13
2022-03-12,kansas,12
2022-03-13,kansas,11
2022-03-14,kansas,10
2022-03-15,kansas,11
2022-03-16,kansas,12
2022-03-17,kansas,2
2022-03-18,kansas,5
2022-03-19,kansas,4
2022-03-20,kansas,3
2022-03-21,kansas,6
2022-03-22,kansas,6
2022-03-23,kansas,4
2022-03-24,kansas,12
2022-03-25,kansas,5
2022-03-26,kansas,11
2022-03-27,kansas,9
2022-03-28,kansas,8
2022-03-29,kansas,4
2022-03-30,kansas,4
2022-03-31,kansas,8
2022-04-01,kansas,2
2022-04-02,kansas,6
2022-04-03,kansas,6
2022-04-04,kansas,13
2022-04-05,kansas,21
2022-04-06,kansas,9
2022-04-07,kansas,3
2022-04-08,kansas,4
2022-04-09,kansas,2
2022-04-10,kansas,2
2022-04-11,kansas,6
2022-04-12,kansas,1
2022-04-13,kansas,1
2022-04-14,kansas,3
2022-04-15,kansas,4
2022-04-16,kansas,2
2022-04-17,kansas,1
2022-04-18,kansas,1
2022-04-19,kansas,2
2022-04-20,kansas,0
2022-04-21,kansas,4
2022-04-22,kansas,0
2022-04-23,kansas,0
2022-04-24,kansas,1
2022-04-25,kansas,2
2022-04-26,kansas,2
2022-04-27,kansas,1
2022-04-28,kansas,0
2022-04-29,kansas,0
2021-09-01,purdue,5
2021-09-02,purdue,1
2021-09-03,purdue,0
2021-09-04,purdue,0
2021-09-05,purdue,1
2021-09-06,purdue,0
2021-09-07,purdue,0
2021-09-08,purdue,1
2021-09-09,purdue,0
2021-09-10,purdue,1
2021-09-11,purdue,0
2021-09-12,purdue,0
2021-09-13,purdue,1
2021-09-14,purdue,1
2021-09-15,purdue,1
2021-09-16,purdue,0
2021-09-17,purdue,0
2021-09-18,purdue,0
2021-09-19,purdue,0
2021-09-20,purdue,0
2021-09-21,purdue,2
2021-09-22,purdue,1
2021-09-23,purdue,0
2021-09-24,purdue,2
2021-09-25,purdue,1
2021-09-27,purdue,0
2021-09-28,purdue,0
2021-09-29,purdue,2
2021-09-30,purdue,0
2021-10-01,purdue,0
2021-10-02,purdue,0
2021-10-03,purdue,1
2021-10-04,purdue,1
2021-10-05,purdue,1
2021-10-06,purdue,3
2021-10-07,purdue,0
2021-10-08,purdue,0
2021-10-09,purdue,0
2021-10-10,purdue,0
2021-10-11,purdue,0
2021-10-12,purdue,0
2021-10-13,purdue,2
2021-10-14,purdue,2
2021-10-15,purdue,0
2021-10-16,purdue,0
2021-10-17,purdue,1
2021-10-18,purdue,2
2021-10-19,purdue,2
2021-10-20,purdue,2
2021-10-21,purdue,0
2021-10-22,purdue,2
2021-10-23,purdue,0
2021-10-24,purdue,0
2021-10-25,purdue,1
2021-10-26,purdue,0
2021-10-27,purdue,2
2021-10-28,purdue,0
2021-10-29,purdue,1
2021-10-30,purdue,0
2021-10-31,purdue,1
2021-11-01,purdue,1
2021-11-02,purdue,2
2021-11-03,purdue,4
2021-11-04,purdue,0
2021-11-05,purdue,1
2021-11-06,purdue,1
2021-11-07,purdue,2
2021-11-08,purdue,2
2021-11-09,purdue,10
2021-11-10,purdue,9
2021-11-11,purdue,3
2021-11-12,purdue,4
2021-11-13,purdue,5
2021-11-14,purdue,2
2021-11-15,purdue,4
2021-11-16,purdue,4
2021-11-17,purdue,3
2021-11-18,purdue,4
2021-11-19,purdue,5
2021-11-20,purdue,5
2021-11-21,purdue,5
2021-11-22,purdue,4
2021-11-23,purdue,4
2021-11-24,purdue,1
2021-11-25,purdue,0
2021-11-26,purdue,3
2021-11-27,purdue,3
2021-11-28,purdue,2
2021-11-29,purdue,2
2021-11-30,purdue,3
2021-12-01,purdue,3
2021-12-02,purdue,4
2021-12-03,purdue,2
2021-12-04,purdue,9
2021-12-05,purdue,1
2021-12-06,purdue,7
2021-12-07,purdue,1
2021-12-08,purdue,5
2021-12-09,purdue,7
2021-12-10,purdue,6
2021-12-11,purdue,4
2021-12-12,purdue,3
2021-12-13,purdue,4
2021-12-14,purdue,2
2021-12-15,purdue,3
2021-12-16,purdue,6
2021-12-17,purdue,1
2021-12-18,purdue,4
2021-12-19,purdue,2
2021-12-20,purdue,5
2021-12-21,purdue,3
2021-12-22,purdue,5
2021-12-23,purdue,2
2021-12-24,purdue,0
2021-12-25,purdue,0
2021-12-26,purdue,1
2021-12-27,purdue,2
2021-12-28,purdue,1
2021-12-29,purdue,5
2021-12-30,purdue,2
2021-12-31,purdue,1
2022-01-01,purdue,5
2022-01-02,purdue,0
2022-01-03,purdue,4
2022-01-04,purdue,4
2022-01-05,purdue,3
2022-01-06,purdue,6
2022-01-07,purdue,2
2022-01-08,purdue,5
2022-01-09,purdue,2
2022-01-10,purdue,4
2022-01-11,purdue,2
2022-01-12,purdue,5
2022-01-13,purdue,4
2022-01-14,purdue,3
2022-01-15,purdue,4
2022-01-16,purdue,3
2022-01-17,purdue,9
2022-01-18,purdue,3
2022-01-19,purdue,4
2022-01-20,purdue,8
2022-01-21,purdue,6
2022-01-22,purdue,1
2022-01-23,purdue,9
2022-01-24,purdue,5
2022-01-25,purdue,6
2022-01-26,purdue,2
2022-01-27,purdue,7
2022-01-28,purdue,4
2022-01-29,purdue,3
2022-01-30,purdue,7
2022-01-31,purdue,5
2022-02-01,purdue,5
2022-02-02,purdue,8
2022-02-03,purdue,7
2022-02-04,purdue,5
2022-02-05,purdue,8
2022-02-06,purdue,7
2022-02-07,purdue,3
2022-02-08,purdue,6
2022-02-09,purdue,5
2022-02-10,purdue,5
2022-02-11,purdue,7
2022-02-12,purdue,5
2022-02-13,purdue,7
2022-02-14,purdue,6
2022-02-15,purdue,7
2022-02-16,purdue,7
2022-02-17,purdue,7
2022-02-18,purdue,7
2022-02-19,purdue,7
2022-02-20,purdue,5
2022-02-21,purdue,4
2022-02-22,purdue,2
2022-02-23,purdue,5
2022-02-24,purdue,8
2022-02-25,purdue,5
2022-02-26,purdue,9
2022-02-27,purdue,7
2022-02-28,purdue,5
2022-03-01,purdue,4
2022-03-02,purdue,11
2022-03-03,purdue,7
2022-03-04,purdue,5
2022-03-05,purdue,9
2022-03-06,purdue,10
2022-03-07,purdue,12
2022-03-08,purdue,8
2022-03-09,purdue,7
2022-03-10,purdue,6
2022-03-11,purdue,9
2022-03-12,purdue,13
2022-03-13,purdue,16
2022-03-14,purdue,12
2022-03-15,purdue,13
2022-03-16,purdue,14
2022-03-17,purdue,5
2022-03-18,purdue,5
2022-03-19,purdue,4
2022-03-20,purdue,5
2022-03-21,purdue,9
2022-03-22,purdue,1
2022-03-23,purdue,8
2022-03-24,purdue,2
2022-03-25,purdue,6
2022-03-26,purdue,10
2022-03-27,purdue,3
2022-03-28,purdue,5
2022-03-29,purdue,4
2022-03-30,purdue,2
2022-03-31,purdue,2
2022-04-01,purdue,6
2022-04-02,purdue,5
2022-04-03,purdue,1
2022-04-04,purdue,5
2022-04-05,purdue,4
2022-04-06,purdue,7
2022-04-07,purdue,2
2022-04-08,purdue,2
2022-04-09,purdue,2
2022-04-10,purdue,1
2022-04-11,purdue,7
2022-04-12,purdue,2
2022-04-13,purdue,2
2022-04-14,purdue,2
2022-04-15,purdue,1
2022-04-16,purdue,0
2022-04-17,purdue,1
2022-04-18,purdue,2
2022-04-19,purdue,2
2022-04-20,purdue,1
2022-04-21,purdue,3
2022-04-22,purdue,1
2022-04-23,purdue,0
2022-04-24,purdue,1
2022-04-25,purdue,2
2022-04-26,purdue,1
2022-04-27,purdue,2
2022-04-28,purdue,0
2022-04-29,purdue,1
2021-09-01,north_carolina,4
2021-09-02,north_carolina,2
2021-09-03,north_carolina,0
2021-09-04,north_carolina,0
2021-09-05,north_carolina,0
2021-09-06,north_carolina,0
2021-09-07,north_carolina,0
2021-09-08,north_carolina,0
2021-09-09,north_carolina,0
2021-09-10,north_carolina,0
2021-09-11,north_carolina,0
2021-09-12,north_carolina,0
2021-09-13,north_carolina,0
2021-09-14,north_carolina,0
2021-09-15,north_carolina,0
2021-09-16,north_carolina,0
2021-09-17,north_carolina,0
2021-09-18,north_carolina,0
2021-09-19,north_carolina,1
2021-09-20,north_carolina,1
2021-09-21,north_carolina,0
2021-09-22,north_carolina,0
2021-09-23,north_carolina,0
2021-09-24,north_carolina,0
2021-09-25,north_carolina,0
2021-09-27,north_carolina,1
2021-09-28,north_carolina,0
2021-09-29,north_carolina,1
2021-09-30,north_carolina,0
2021-10-01,north_carolina,3
2021-10-02,north_carolina,1
2021-10-03,north_carolina,0
2021-10-04,north_carolina,0
2021-10-05,north_carolina,2
2021-10-06,north_carolina,0
2021-10-07,north_carolina,0
2021-10-08,north_carolina,1
2021-10-09,north_carolina,1
2021-10-10,north_carolina,0
2021-10-11,north_carolina,0
2021-10-12,north_carolina,0
2021-10-13,north_carolina,1
2021-10-14,north_carolina,2
2021-10-15,north_carolina,0
2021-10-16,north_carolina,1
2021-10-17,north_carolina,2
2021-10-18,north_carolina,2
2021-10-19,north_carolina,0
2021-10-20,north_carolina,2
2021-10-21,north_carolina,1
2021-10-22,north_carolina,1
2021-10-23,north_carolina,0
2021-10-24,north_carolina,0
2021-10-25,north_carolina,1
2021-10-26,north_carolina,0
2021-10-27,north_carolina,2
2021-10-28,north_carolina,0
2021-10-29,north_carolina,0
2021-10-30,north_carolina,0
2021-10-31,north_carolina,1
2021-11-01,north_carolina,0
2021-11-02,north_carolina,1
2021-11-03,north_carolina,2
2021-11-04,north_carolina,0
2021-11-05,north_carolina,1
2021-11-06,north_carolina,0
2021-11-07,north_carolina,0
2021-11-08,north_carolina,0
2021-11-09,north_carolina,6
2021-11-10,north_carolina,8
2021-11-11,north_carolina,2
2021-11-12,north_carolina,2
2021-11-13,north_carolina,4
2021-11-14,north_carolina,5
2021-11-15,north_carolina,3
2021-11-16,north_carolina,5
2021-11-17,north_carolina,5
2021-11-18,north_carolina,7
2021-11-19,north_carolina,4
2021-11-20,north_carolina,7
2021-11-21,north_carolina,4
2021-11-22,north_carolina,2
2021-11-23,north_carolina,6
2021-11-24,north_carolina,5
2021-11-25,north_carolina,2
2021-11-26,north_carolina,2
2021-11-27,north_carolina,3
2021-11-28,north_carolina,1
2021-11-29,north_carolina,3
2021-11-30,north_carolina,4
2021-12-01,north_carolina,2
2021-12-02,north_carolina,5
2021-12-03,north_carolina,1
2021-12-04,north_carolina,3
2021-12-05,north_carolina,3
2021-12-06,north_carolina,4
2021-12-07,north_carolina,3
2021-12-08,north_carolina,2
2021-12-09,north_carolina,1
2021-12-10,north_carolina,1
2021-12-11,north_carolina,6
2021-12-12,north_carolina,3
2021-12-13,north_carolina,4
2021-12-14,north_carolina,3
2021-12-15,north_carolina,4
2021-12-16,north_carolina,2
2021-12-17,north_carolina,1
2021-12-18,north_carolina,8
2021-12-19,north_carolina,2
2021-12-20,north_carolina,2
2021-12-21,north_carolina,2
2021-12-22,north_carolina,4
2021-12-23,north_carolina,1
2021-12-24,north_carolina,2
2021-12-25,north_carolina,0
2021-12-26,north_carolina,1
2021-12-27,north_carolina,2
2021-12-28,north_carolina,2
2021-12-29,north_carolina,4
2021-12-30,north_carolina,0
2021-12-31,north_carolina,2
2022-01-01,north_carolina,3
2022-01-02,north_carolina,4
2022-01-03,north_carolina,4
2022-01-04,north_carolina,0
2022-01-05,north_carolina,4
2022-01-06,north_carolina,4
2022-01-07,north_carolina,0
2022-01-08,north_carolina,3
2022-01-09,north_carolina,1
2022-01-10,north_carolina,2
2022-01-11,north_carolina,1
2022-01-12,north_carolina,2
2022-01-13,north_carolina,3
2022-01-14,north_carolina,2
2022-01-15,north_carolina,4
2022-01-16,north_carolina,3
2022-01-17,north_carolina,6
2022-01-18,north_carolina,4
2022-01-19,north_carolina,5
2022-01-20,north_carolina,2
2022-01-21,north_carolina,4
2022-01-22,north_carolina,4
2022-01-23,north_carolina,5
2022-01-24,north_carolina,5
2022-01-25,north_carolina,4
2022-01-26,north_carolina,6
2022-01-27,north_carolina,5
2022-01-28,north_carolina,3
2022-01-29,north_carolina,7
2022-01-30,north_carolina,5
2022-01-31,north_carolina,6
2022-02-01,north_carolina,5
2022-02-02,north_carolina,7
2022-02-03,north_carolina,5
2022-02-04,north_carolina,3
2022-02-05,north_carolina,7
2022-02-06,north_carolina,2
2022-02-07,north_carolina,4
2022-02-08,north_carolina,7
2022-02-09,north_carolina,5
2022-02-10,north_carolina,2
2022-02-11,north_carolina,3
2022-02-12,north_carolina,8
2022-02-13,north_carolina,5
2022-02-14,north_carolina,6
2022-02-15,north_carolina,7
2022-02-16,north_carolina,6
2022-02-17,north_carolina,6
2022-02-18,north_carolina,3
2022-02-19,north_carolina,8
2022-02-20,north_carolina,5
2022-02-21,north_carolina,4
2022-02-22,north_carolina,5
2022-02-23,north_carolina,4
2022-02-24,north_carolina,4
2022-02-25,north_carolina,5
2022-02-26,north_carolina,4
2022-02-27,north_carolina,4
2022-02-28,north_carolina,5
2022-03-01,north_carolina,5
2022-03-02,north_carolina,7
2022-03-03,north_carolina,5
2022-03-04,north_carolina,6
2022-03-05,north_carolina,4
2022-03-06,north_carolina,12
2022-03-07,north_carolina,7
2022-03-08,north_carolina,8
2022-03-09,north_carolina,6
2022-03-10,north_carolina,7
2022-03-11,north_carolina,12
2022-03-12,north_carolina,10
2022-03-13,north_carolina,6
2022-03-14,north_carolina,8
2022-03-15,north_carolina,8
2022-03-16,north_carolina,14
2022-03-17,north_carolina,8
2022-03-18,north_carolina,1
2022-03-19,north_carolina,7
2022-03-20,north_carolina,7
2022-03-21,north_carolina,11
2022-03-22,north_carolina,6
2022-03-23,north_carolina,5
2022-03-24,north_carolina,5
2022-03-25,north_carolina,4
2022-03-26,north_carolina,13
2022-03-27,north_carolina,14
2022-03-28,north_carolina,14
2022-03-29,north_carolina,8
2022-03-30,north_carolina,4
2022-03-31,north_carolina,8
2022-04-01,north_carolina,5
2022-04-02,north_carolina,6
2022-04-03,north_carolina,10
2022-04-04,north_carolina,16
2022-04-05,north_carolina,16
2022-04-06,north_carolina,9
2022-04-07,north_carolina,3
2022-04-08,north_carolina,3
2022-04-09,north_carolina,2
2022-04-10,north_carolina,2
2022-04-11,north_carolina,9
2022-04-12,north_carolina,2
2022-04-13,north_carolina,1
2022-04-14,north_carolina,3
2022-04-15,north_carolina,3
2022-04-16,north_carolina,1
2022-04-17,north_carolina,1
2022-04-18,north_carolina,3
2022-04-19,north_carolina,2
2022-04-20,north_carolina,1
2022-04-21,north_carolina,3
2022-04-22,north_carolina,1
2022-04-23,north_carolina,1
2022-04-24,north_carolina,2
2022-04-25,north_carolina,2
2022-04-26,north_carolina,0
2022-04-27,north_carolina,1
2022-04-28,north_carolina,1
2022-04-29,north_carolina,2
2021-09-01,miami,1
2021-09-02,miami,2
2021-09-03,miami,0
2021-09-04,miami,0
2021-09-05,miami,1
2021-09-06,miami,0
2021-09-07,miami,1
2021-09-08,miami,0
2021-09-09,miami,1
2021-09-10,miami,1
2021-09-11,miami,0
2021-09-12,miami,0
2021-09-13,miami,3
2021-09-14,miami,3
2021-09-15,miami,2
2021-09-16,miami,0
2021-09-17,miami,0
2021-09-18,miami,0
2021-09-19,miami,0
2021-09-20,miami,0
2021-09-21,miami,1
2021-09-22,miami,0
2021-09-23,miami,0
2021-09-24,miami,0
2021-09-25,miami,0
2021-09-27,miami,1
2021-09-28,miami,2
2021-09-29,miami,2
2021-09-30,miami,0
2021-10-01,miami,0
2021-10-02,miami,0
2021-10-03,miami,0
2021-10-04,miami,0
2021-10-05,miami,4
2021-10-06,miami,1
2021-10-07,miami,1
2021-10-08,miami,0
2021-10-09,miami,0
2021-10-10,miami,0
2021-10-11,miami,0
2021-10-12,miami,1
2021-10-13,miami,1
2021-10-14,miami,4
2021-10-15,miami,2
2021-10-16,miami,0
2021-10-17,miami,3
2021-10-18,miami,5
2021-10-19,miami,2
2021-10-20,miami,1
2021-10-21,miami,0
2021-10-22,miami,1
2021-10-23,miami,0
2021-10-24,miami,2
2021-10-25,miami,1
2021-10-26,miami,1
2021-10-27,miami,0
2021-10-28,miami,0
2021-10-29,miami,1
2021-10-30,miami,0
2021-10-31,miami,1
2021-11-01,miami,0
2021-11-02,miami,1
2021-11-03,miami,0
2021-11-04,miami,1
2021-11-05,miami,0
2021-11-06,miami,1
2021-11-07,miami,0
2021-11-08,miami,1
2021-11-09,miami,34
2021-11-10,miami,55
2021-11-11,miami,18
2021-11-12,miami,19
2021-11-13,miami,45
2021-11-14,miami,26
2021-11-15,miami,14
2021-11-16,miami,31
2021-11-17,miami,19
2021-11-18,miami,25
2021-11-19,miami,25
2021-11-20,miami,30
2021-11-21,miami,22
2021-11-22,miami,16
2021-11-23,miami,28
2021-11-24,miami,24
2021-11-25,miami,14
2021-11-26,miami,20
2021-11-27,miami,19
2021-11-28,miami,20
2021-11-29,miami,7
2021-11-30,miami,19
2021-12-01,miami,23
2021-12-02,miami,20
2021-12-03,miami,10
2021-12-04,miami,35
2021-12-05,miami,16
2021-12-06,miami,8
2021-12-07,miami,14
2021-12-08,miami,17
2021-12-09,miami,22
2021-12-10,miami,8
2021-12-11,miami,36
2021-12-12,miami,26
2021-12-13,miami,8
2021-12-14,miami,14
2021-12-15,miami,23
2021-12-16,miami,15
2021-12-17,miami,6
2021-12-18,miami,27
2021-12-19,miami,21
2021-12-20,miami,8
2021-12-21,miami,25
2021-12-22,miami,24
2021-12-23,miami,21
2021-12-24,miami,2
2021-12-25,miami,1
2021-12-26,miami,2
2021-12-27,miami,1
2021-12-28,miami,6
2021-12-29,miami,16
2021-12-30,miami,12
2021-12-31,miami,6
2022-01-01,miami,16
2022-01-02,miami,14
2022-01-03,miami,1
2022-01-04,miami,13
2022-01-05,miami,22
2022-01-06,miami,19
2022-01-07,miami,11
2022-01-08,miami,36
2022-01-09,miami,14
2022-01-10,miami,7
2022-01-11,miami,18
2022-01-12,miami,17
2022-01-13,miami,22
2022-01-14,miami,20
2022-01-15,miami,36
2022-01-16,miami,17
2022-01-17,miami,13
2022-01-18,miami,18
2022-01-19,miami,19
2022-01-20,miami,20
2022-01-21,miami,20
2022-01-22,miami,41
2022-01-23,miami,22
2022-01-24,miami,8
2022-01-25,miami,25
2022-01-26,miami,25
2022-01-27,miami,18
2022-01-28,miami,21
2022-01-29,miami,37
2022-01-30,miami,26
2022-01-31,miami,11
2022-02-01,miami,22
2022-02-02,miami,17
2022-02-03,miami,29
2022-02-04,miami,18
2022-02-05,miami,40
2022-02-06,miami,25
2022-02-07,miami,8
2022-02-08,miami,28
2022-02-09,miami,37
2022-02-10,miami,27
2022-02-11,miami,15
2022-02-12,miami,49
2022-02-13,miami,25
2022-02-14,miami,8
2022-02-15,miami,23
2022-02-16,miami,29
2022-02-17,miami,30
2022-02-18,miami,19
2022-02-19,miami,43
2022-02-20,miami,25
2022-02-21,miami,11
2022-02-22,miami,22
2022-02-23,miami,30
2022-02-24,miami,25
2022-02-25,miami,28
2022-02-26,miami,41
2022-02-27,miami,25
2022-02-28,miami,15
2022-03-01,miami,22
2022-03-02,miami,31
2022-03-03,miami,37
2022-03-04,miami,24
2022-03-05,miami,48
2022-03-06,miami,37
2022-03-07,miami,16
2022-03-08,miami,15
2022-03-09,miami,23
2022-03-10,miami,47
2022-03-11,miami,38
2022-03-12,miami,32
2022-03-13,miami,22
2022-03-14,miami,10
2022-03-15,miami,20
2022-03-16,miami,31
2022-03-17,miami,20
2022-03-18,miami,21
2022-03-19,miami,20
2022-03-20,miami,18
2022-03-21,miami,14
2022-03-22,miami,10
2022-03-23,miami,7
2022-03-24,miami,6
2022-03-25,miami,11
2022-03-26,miami,12
2022-03-27,miami,11
2022-03-28,miami,5
2022-03-29,miami,10
2022-03-30,miami,5
2022-03-31,miami,4
2022-04-01,miami,7
2022-04-02,miami,5
2022-04-03,miami,2
2022-04-04,miami,5
2022-04-05,miami,10
2022-04-06,miami,8
2022-04-07,miami,3
2022-04-08,miami,2
2022-04-09,miami,2
2022-04-10,miami,5
2022-04-11,miami,9
2022-04-12,miami,2
2022-04-13,miami,1
2022-04-14,miami,5
2022-04-15,miami,2
2022-04-16,miami,1
2022-04-17,miami,1
2022-04-18,miami,3
2022-04-19,miami,3
2022-04-20,miami,1
2022-04-21,miami,3
2022-04-22,miami,0
2022-04-23,miami,0
2022-04-24,miami,3
2022-04-25,miami,1
2022-04-26,miami,2
2022-04-27,miami,2
2022-04-28,miami,2
2022-04-29,miami,4
2021-09-01,duke,0
2021-09-02,duke,1
2021-09-03,duke,0
2021-09-04,duke,0
2021-09-05,duke,0
2021-09-06,duke,0
2021-09-07,duke,0
2021-09-08,duke,0
2021-09-09,duke,0
2021-09-10,duke,0
2021-09-11,duke,0
2021-09-12,duke,0
2021-09-13,duke,0
2021-09-14,duke,2
2021-09-15,duke,0
2021-09-16,duke,0
2021-09-17,duke,0
2021-09-18,duke,0
2021-09-19,duke,1
2021-09-20,duke,0
2021-09-21,duke,0
2021-09-22,duke,0
2021-09-23,duke,1
2021-09-24,duke,0
2021-09-25,duke,0
2021-09-27,duke,0
2021-09-28,duke,0
2021-09-29,duke,1
2021-09-30,duke,0
2021-10-01,duke,1
2021-10-02,duke,0
2021-10-03,duke,1
2021-10-04,duke,0
2021-10-05,duke,1
2021-10-06,duke,2
2021-10-07,duke,0
2021-10-08,duke,1
2021-10-09,duke,0
2021-10-10,duke,0
2021-10-11,duke,0
2021-10-12,duke,0
2021-10-13,duke,1
2021-10-14,duke,1
2021-10-15,duke,0
2021-10-16,duke,0
2021-10-17,duke,0
2021-10-18,duke,1
2021-10-19,duke,0
2021-10-20,duke,0
2021-10-21,duke,0
2021-10-22,duke,1
2021-10-23,duke,1
2021-10-24,duke,0
2021-10-25,duke,1
2021-10-26,duke,0
2021-10-27,duke,2
2021-10-28,duke,0
2021-10-29,duke,0
2021-10-30,duke,0
2021-10-31,duke,1
2021-11-01,duke,0
2021-11-02,duke,0
2021-11-03,duke,0
2021-11-04,duke,1
2021-11-05,duke,0
2021-11-06,duke,0
2021-11-07,duke,0
2021-11-08,duke,0
2021-11-09,duke,5
2021-11-10,duke,5
2021-11-11,duke,0
2021-11-12,duke,3
2021-11-13,duke,2
2021-11-14,duke,3
2021-11-15,duke,2
2021-11-16,duke,3
2021-11-17,duke,2
2021-11-18,duke,0
2021-11-19,duke,1
2021-11-20,duke,3
2021-11-21,duke,0
2021-11-22,duke,3
2021-11-23,duke,3
2021-11-24,duke,0
2021-11-25,duke,0
2021-11-26,duke,1
2021-11-27,duke,3
2021-11-28,duke,0
2021-11-29,duke,2
2021-11-30,duke,1
2021-12-01,duke,8
2021-12-02,duke,3
2021-12-03,duke,0
2021-12-04,duke,3
2021-12-05,duke,0
2021-12-06,duke,2
2021-12-07,duke,0
2021-12-08,duke,0
2021-12-09,duke,1
2021-12-10,duke,1
2021-12-11,duke,0
2021-12-12,duke,0
2021-12-13,duke,1
2021-12-14,duke,1
2021-12-15,duke,2
2021-12-16,duke,2
2021-12-17,duke,2
2021-12-18,duke,5
2021-12-19,duke,0
2021-12-20,duke,1
2021-12-21,duke,0
2021-12-22,duke,1
2021-12-23,duke,2
2021-12-24,duke,0
2021-12-25,duke,0
2021-12-26,duke,0
2021-12-27,duke,2
2021-12-28,duke,0
2021-12-29,duke,1
2021-12-30,duke,0
2021-12-31,duke,0
2022-01-01,duke,3
2022-01-02,duke,1
2022-01-03,duke,1
2022-01-04,duke,1
2022-01-05,duke,3
2022-01-06,duke,1
2022-01-07,duke,0
2022-01-08,duke,1
2022-01-09,duke,2
2022-01-10,duke,2
2022-01-11,duke,0
2022-01-12,duke,3
2022-01-13,duke,2
2022-01-14,duke,0
2022-01-15,duke,3
2022-01-16,duke,3
2022-01-17,duke,4
2022-01-18,duke,1
2022-01-19,duke,4
2022-01-20,duke,0
2022-01-21,duke,1
2022-01-22,duke,5
2022-01-23,duke,2
2022-01-24,duke,2
2022-01-25,duke,2
2022-01-26,duke,2
2022-01-27,duke,1
2022-01-28,duke,0
2022-01-29,duke,6
2022-01-30,duke,4
2022-01-31,duke,3
2022-02-01,duke,5
2022-02-02,duke,0
2022-02-03,duke,2
2022-02-04,duke,0
2022-02-05,duke,4
2022-02-06,duke,3
2022-02-07,duke,4
2022-02-08,duke,4
2022-02-09,duke,1
2022-02-10,duke,4
2022-02-11,duke,3
2022-02-12,duke,3
2022-02-13,duke,2
2022-02-14,duke,2
2022-02-15,duke,4
2022-02-16,duke,2
2022-02-17,duke,0
2022-02-18,duke,2
2022-02-19,duke,2
2022-02-20,duke,1
2022-02-21,duke,3
2022-02-22,duke,1
2022-02-23,duke,2
2022-02-24,duke,2
2022-02-25,duke,1
2022-02-26,duke,4
2022-02-27,duke,2
2022-02-28,duke,5
2022-03-01,duke,4
2022-03-02,duke,8
2022-03-03,duke,2
2022-03-04,duke,0
2022-03-05,duke,3
2022-03-06,duke,7
2022-03-07,duke,3
2022-03-08,duke,1
2022-03-09,duke,1
2022-03-10,duke,4
2022-03-11,duke,4
2022-03-12,duke,7
2022-03-13,duke,6
2022-03-14,duke,5
2022-03-15,duke,6
2022-03-16,duke,6
2022-03-17,duke,1
2022-03-18,duke,3
2022-03-19,duke,2
2022-03-20,duke,5
2022-03-21,duke,5
2022-03-22,duke,4
2022-03-23,duke,3
2022-03-24,duke,5
2022-03-25,duke,2
2022-03-26,duke,8
2022-03-27,duke,7
2022-03-28,duke,12
2022-03-29,duke,7
2022-03-30,duke,3
2022-03-31,duke,9
2022-04-01,duke,7
2022-04-02,duke,6
2022-04-03,duke,9
2022-04-04,duke,8
2022-04-05,duke,7
2022-04-06,duke,6
2022-04-07,duke,3
2022-04-08,duke,5
2022-04-09,duke,2
2022-04-10,duke,1
2022-04-11,duke,7
2022-04-12,duke,1
2022-04-13,duke,1
2022-04-14,duke,2
2022-04-15,duke,2
2022-04-16,duke,0
2022-04-17,duke,0
2022-04-18,duke,3
2022-04-19,duke,0
2022-04-20,duke,0
2022-04-21,duke,2
2022-04-22,duke,1
2022-04-23,duke,0
2022-04-24,duke,2
2022-04-25,duke,0
2022-04-26,duke,0
2022-04-27,duke,2
2022-04-28,duke,0
2022-04-29,duke,0
2021-09-01,houston,0
2021-09-02,houston,0
2021-09-03,houston,1
2021-09-04,houston,0
2021-09-05,houston,0
2021-09-06,houston,0
2021-09-07,houston,0
2021-09-08,houston,0
2021-09-09,houston,0
2021-09-10,houston,1
2021-09-11,houston,0
2021-09-12,houston,0
2021-09-13,houston,1
2021-09-14,houston,1
2021-09-15,houston,0
2021-09-16,houston,0
2021-09-17,houston,0
2021-09-18,houston,0
2021-09-19,houston,0
2021-09-20,houston,0
2021-09-21,houston,0
2021-09-22,houston,0
2021-09-23,houston,0
2021-09-24,houston,0
2021-09-25,houston,0
2021-09-27,houston,1
2021-09-28,houston,0
2021-09-29,houston,1
2021-09-30,houston,0
2021-10-01,houston,0
2021-10-02,houston,0
2021-10-03,houston,0
2021-10-04,houston,0
2021-10-05,houston,0
2021-10-06,houston,1
2021-10-07,houston,0
2021-10-08,houston,0
2021-10-09,houston,0
2021-10-10,houston,0
2021-10-11,houston,0
2021-10-12,houston,0
2021-10-13,houston,0
2021-10-14,houston,2
2021-10-15,houston,0
2021-10-16,houston,0
2021-10-17,houston,1
2021-10-18,houston,0
2021-10-19,houston,1
2021-10-20,houston,0
2021-10-21,houston,0
2021-10-22,houston,1
2021-10-23,houston,0
2021-10-24,houston,0
2021-10-25,houston,1
2021-10-26,houston,0
2021-10-27,houston,1
2021-10-28,houston,0
2021-10-29,houston,0
2021-10-30,houston,0
2021-10-31,houston,0
2021-11-01,houston,0
2021-11-02,houston,0
2021-11-03,houston,0
2021-11-04,houston,0
2021-11-05,houston,0
2021-11-06,houston,0
2021-11-07,houston,0
2021-11-08,houston,0
2021-11-09,houston,2
2021-11-10,houston,9
2021-11-11,houston,1
2021-11-12,houston,4
2021-11-13,houston,7
2021-11-14,houston,1
2021-11-15,houston,2
2021-11-16,houston,1
2021-11-17,houston,6
2021-11-18,houston,4
2021-11-19,houston,0
2021-11-20,houston,0
2021-11-21,houston,1
2021-11-22,houston,5
2021-11-23,houston,5
2021-11-24,houston,5
2021-11-25,houston,1
2021-11-26,houston,0
2021-11-27,houston,1
2021-11-28,houston,2
2021-11-29,houston,2
2021-11-30,houston,4
2021-12-01,houston,3
2021-12-02,houston,1
2021-12-03,houston,1
2021-12-04,houston,4
2021-12-05,houston,2
2021-12-06,houston,3
2021-12-07,houston,3
2021-12-08,houston,2
2021-12-09,houston,0
2021-12-10,houston,0
2021-12-11,houston,4
2021-12-12,houston,2
2021-12-13,houston,1
2021-12-14,houston,1
2021-12-15,houston,4
2021-12-16,houston,1
2021-12-17,houston,1
2021-12-18,houston,2
2021-12-19,houston,2
2021-12-20,houston,1
2021-12-21,houston,3
2021-12-22,houston,3
2021-12-23,houston,3
2021-12-24,houston,1
2021-12-25,houston,0
2021-12-26,houston,0
2021-12-27,houston,2
2021-12-28,houston,2
2021-12-29,houston,2
2021-12-30,houston,2
2021-12-31,houston,0
2022-01-01,houston,1
2022-01-02,houston,3
2022-01-03,houston,3
2022-01-04,houston,4
2022-01-05,houston,4
2022-01-06,houston,4
2022-01-07,houston,5
2022-01-08,houston,3
2022-01-09,houston,2
2022-01-10,houston,1
2022-01-11,houston,1
2022-01-12,houston,0
2022-01-13,houston,2
2022-01-14,houston,1
2022-01-15,houston,1
2022-01-16,houston,5
2022-01-17,houston,3
2022-01-18,houston,2
2022-01-19,houston,3
2022-01-20,houston,2
2022-01-21,houston,1
2022-01-22,houston,5
2022-01-23,houston,3
2022-01-24,houston,4
2022-01-25,houston,3
2022-01-26,houston,2
2022-01-27,houston,1
2022-01-28,houston,1
2022-01-29,houston,3
2022-01-30,houston,3
2022-01-31,houston,2
2022-02-01,houston,2
2022-02-02,houston,2
2022-02-03,houston,4
2022-02-04,houston,1
2022-02-05,houston,3
2022-02-06,houston,4
2022-02-07,houston,4
2022-02-08,houston,4
2022-02-09,houston,3
2022-02-10,houston,3
2022-02-11,houston,2
2022-02-12,houston,5
2022-02-13,houston,4
2022-02-14,houston,3
2022-02-15,houston,2
2022-02-16,houston,3
2022-02-17,houston,3
2022-02-18,houston,7
2022-02-19,houston,2
2022-02-20,houston,5
2022-02-21,houston,1
2022-02-22,houston,4
2022-02-23,houston,1
2022-02-24,houston,6
2022-02-25,houston,3
2022-02-26,houston,2
2022-02-27,houston,9
2022-02-28,houston,3
2022-03-01,houston,5
2022-03-02,houston,5
2022-03-03,houston,3
2022-03-04,houston,4
2022-03-05,houston,1
2022-03-06,houston,10
2022-03-07,houston,5
2022-03-08,houston,0
2022-03-09,houston,3
2022-03-10,houston,7
2022-03-11,houston,8
2022-03-12,houston,4
2022-03-13,houston,6
2022-03-14,houston,6
2022-03-15,houston,5
2022-03-16,houston,8
2022-03-17,houston,1
2022-03-18,houston,1
2022-03-19,houston,4
2022-03-20,houston,5
2022-03-21,houston,3
2022-03-22,houston,3
2022-03-23,houston,2
2022-03-24,houston,4
2022-03-25,houston,4
2022-03-26,houston,5
2022-03-27,houston,4
2022-03-28,houston,2
2022-03-29,houston,1
2022-03-30,houston,0
2022-03-31,houston,0
2022-04-01,houston,0
2022-04-02,houston,1
2022-04-03,houston,0
2022-04-04,houston,1
2022-04-05,houston,0
2022-04-06,houston,5
2022-04-07,houston,0
2022-04-08,houston,1
2022-04-09,houston,1
2022-04-10,houston,2
2022-04-11,houston,4
2022-04-12,houston,2
2022-04-13,houston,1
2022-04-14,houston,2
2022-04-15,houston,1
2022-04-16,houston,0
2022-04-17,houston,0
2022-04-18,houston,0
2022-04-19,houston,2
2022-04-20,houston,1
2022-04-21,houston,1
2022-04-22,houston,0
2022-04-23,houston,1
2022-04-24,houston,2
2022-04-25,houston,1
2022-04-26,houston,0
2022-04-27,houston,0
2022-04-28,houston,0
2022-04-29,houston,0
2021-09-01,illinois,0
2021-09-02,illinois,1
2021-09-03,illinois,0
2021-09-04,illinois,0
2021-09-05,illinois,0
2021-09-06,illinois,0
2021-09-07,illinois,0
2021-09-08,illinois,0
2021-09-09,illinois,0
2021-09-10,illinois,0
2021-09-11,illinois,1
2021-09-12,illinois,0
2021-09-13,illinois,0
2021-09-14,illinois,1
2021-09-15,illinois,0
2021-09-16,illinois,0
2021-09-17,illinois,0
2021-09-18,illinois,0
2021-09-19,illinois,0
2021-09-20,illinois,0
2021-09-21,illinois,0
2021-09-22,illinois,0
2021-09-23,illinois,0
2021-09-24,illinois,1
2021-09-25,illinois,0
2021-09-27,illinois,0
2021-09-28,illinois,0
2021-09-29,illinois,0
2021-09-30,illinois,0
2021-10-01,illinois,0
2021-10-02,illinois,0
2021-10-03,illinois,1
2021-10-04,illinois,0
2021-10-05,illinois,0
2021-10-06,illinois,1
2021-10-07,illinois,1
2021-10-08,illinois,0
2021-10-09,illinois,0
2021-10-10,illinois,0
2021-10-11,illinois,1
2021-10-12,illinois,0
2021-10-13,illinois,0
2021-10-14,illinois,1
2021-10-15,illinois,0
2021-10-16,illinois,0
2021-10-17,illinois,1
2021-10-18,illinois,2
2021-10-19,illinois,1
2021-10-20,illinois,0
2021-10-21,illinois,0
2021-10-22,illinois,1
2021-10-23,illinois,0
2021-10-24,illinois,0
2021-10-25,illinois,1
2021-10-26,illinois,0
2021-10-27,illinois,1
2021-10-28,illinois,0
2021-10-29,illinois,1
2021-10-30,illinois,0
2021-10-31,illinois,0
2021-11-01,illinois,0
2021-11-02,illinois,0
2021-11-03,illinois,1
2021-11-04,illinois,0
2021-11-05,illinois,0
2021-11-06,illinois,1
2021-11-07,illinois,0
2021-11-08,illinois,1
2021-11-09,illinois,3
2021-11-10,illinois,13
2021-11-11,illinois,0
2021-11-12,illinois,3
2021-11-13,illinois,4
2021-11-14,illinois,0
2021-11-15,illinois,5
2021-11-16,illinois,2
2021-11-17,illinois,5
2021-11-18,illinois,2
2021-11-19,illinois,4
2021-11-20,illinois,4
2021-11-21,illinois,4
2021-11-22,illinois,8
2021-11-23,illinois,10
2021-11-24,illinois,5
2021-11-25,illinois,1
2021-11-26,illinois,0
2021-11-27,illinois,6
2021-11-28,illinois,5
2021-11-29,illinois,2
2021-11-30,illinois,3
2021-12-01,illinois,1
2021-12-02,illinois,4
2021-12-03,illinois,2
2021-12-04,illinois,7
2021-12-05,illinois,1
2021-12-06,illinois,3
2021-12-07,illinois,3
2021-12-08,illinois,2
2021-12-09,illinois,1
2021-12-10,illinois,0
2021-12-11,illinois,4
2021-12-12,illinois,1
2021-12-13,illinois,6
2021-12-14,illinois,1
2021-12-15,illinois,3
2021-12-16,illinois,2
2021-12-17,illinois,0
2021-12-18,illinois,7
2021-12-19,illinois,3
2021-12-20,illinois,5
2021-12-21,illinois,6
2021-12-22,illinois,4
2021-12-23,illinois,4
2021-12-24,illinois,0
2021-12-25,illinois,0
2021-12-26,illinois,1
2021-12-27,illinois,2
2021-12-28,illinois,2
2021-12-29,illinois,3
2021-12-30,illinois,6
2021-12-31,illinois,0
2022-01-01,illinois,4
2022-01-02,illinois,3
2022-01-03,illinois,1
2022-01-04,illinois,3
2022-01-05,illinois,3
2022-01-06,illinois,2
2022-01-07,illinois,1
2022-01-08,illinois,4
2022-01-09,illinois,2
2022-01-10,illinois,2
2022-01-11,illinois,1
2022-01-12,illinois,3
2022-01-13,illinois,3
2022-01-14,illinois,5
2022-01-15,illinois,7
2022-01-16,illinois,6
2022-01-17,illinois,11
2022-01-18,illinois,5
2022-01-19,illinois,2
2022-01-20,illinois,3
2022-01-21,illinois,6
2022-01-22,illinois,5
2022-01-23,illinois,6
2022-01-24,illinois,4
2022-01-25,illinois,10
2022-01-26,illinois,4
2022-01-27,illinois,3
2022-01-28,illinois,3
2022-01-29,illinois,7
2022-01-30,illinois,4
2022-01-31,illinois,4
2022-02-01,illinois,10
2022-02-02,illinois,3
2022-02-03,illinois,8
2022-02-04,illinois,2
2022-02-05,illinois,5
2022-02-06,illinois,7
2022-02-07,illinois,3
2022-02-08,illinois,4
2022-02-09,illinois,3
2022-02-10,illinois,4
2022-02-11,illinois,0
2022-02-12,illinois,5
2022-02-13,illinois,5
2022-02-14,illinois,3
2022-02-15,illinois,3
2022-02-16,illinois,9
2022-02-17,illinois,3
2022-02-18,illinois,3
2022-02-19,illinois,5
2022-02-20,illinois,0
2022-02-21,illinois,4
2022-02-22,illinois,8
2022-02-23,illinois,5
2022-02-24,illinois,7
2022-02-25,illinois,6
2022-02-26,illinois,8
2022-02-27,illinois,3
2022-02-28,illinois,4
2022-03-01,illinois,3
2022-03-02,illinois,1
2022-03-03,illinois,5
2022-03-04,illinois,7
2022-03-05,illinois,4
2022-03-06,illinois,6
2022-03-07,illinois,11
2022-03-08,illinois,2
2022-03-09,illinois,3
2022-03-10,illinois,3
2022-03-11,illinois,11
2022-03-12,illinois,1
2022-03-13,illinois,4
2022-03-14,illinois,4
2022-03-15,illinois,10
2022-03-16,illinois,5
2022-03-17,illinois,1
2022-03-18,illinois,3
2022-03-19,illinois,6
2022-03-20,illinois,4
2022-03-21,illinois,1
2022-03-22,illinois,1
2022-03-23,illinois,0
2022-03-24,illinois,1
2022-03-25,illinois,1
2022-03-26,illinois,1
2022-03-27,illinois,2
2022-03-28,illinois,0
2022-03-29,illinois,0
2022-03-30,illinois,0
2022-03-31,illinois,0
2022-04-01,illinois,0
2022-04-02,illinois,0
2022-04-03,illinois,0
2022-04-04,illinois,0
2022-04-05,illinois,1
2022-04-06,illinois,3
2022-04-07,illinois,0
2022-04-08,illinois,2
2022-04-09,illinois,1
2022-04-10,illinois,1
2022-04-11,illinois,4
2022-04-12,illinois,2
2022-04-13,illinois,1
2022-04-14,illinois,3
2022-04-15,illinois,2
2022-04-16,illinois,0
2022-04-17,illinois,0
2022-04-18,illinois,0
2022-04-19,illinois,0
2022-04-20,illinois,0
2022-04-21,illinois,0
2022-04-22,illinois,0
2022-04-23,illinois,0
2022-04-24,illinois,1
2022-04-25,illinois,0
2022-04-26,illinois,0
2022-04-27,illinois,0
2022-04-28,illinois,0
2022-04-29,illinois,0
2021-09-01,villanova,0
2021-09-02,villanova,1
2021-09-03,villanova,1
2021-09-04,villanova,0
2021-09-05,villanova,1
2021-09-06,villanova,0
2021-09-07,villanova,0
2021-09-08,villanova,0
2021-09-09,villanova,0
2021-09-10,villanova,0
2021-09-11,villanova,0
2021-09-12,villanova,0
2021-09-13,villanova,0
2021-09-14,villanova,1
2021-09-15,villanova,0
2021-09-16,villanova,1
2021-09-17,villanova,0
2021-09-18,villanova,0
2021-09-19,villanova,0
2021-09-20,villanova,0
2021-09-21,villanova,1
2021-09-22,villanova,0
2021-09-23,villanova,0
2021-09-24,villanova,0
2021-09-25,villanova,0
2021-09-27,villanova,0
2021-09-28,villanova,1
2021-09-29,villanova,1
2021-09-30,villanova,0
2021-10-01,villanova,0
2021-10-02,villanova,0
2021-10-03,villanova,0
2021-10-04,villanova,1
2021-10-05,villanova,1
2021-10-06,villanova,1
2021-10-07,villanova,0
2021-10-08,villanova,0
2021-10-09,villanova,0
2021-10-10,villanova,0
2021-10-11,villanova,0
2021-10-12,villanova,0
2021-10-13,villanova,0
2021-10-14,villanova,0
2021-10-15,villanova,0
2021-10-16,villanova,0
2021-10-17,villanova,1
2021-10-18,villanova,0
2021-10-19,villanova,0
2021-10-20,villanova,0
2021-10-21,villanova,0
2021-10-22,villanova,0
2021-10-23,villanova,1
2021-10-24,villanova,0
2021-10-25,villanova,1
2021-10-26,villanova,0
2021-10-27,villanova,1
2021-10-28,villanova,0
2021-10-29,villanova,0
2021-10-30,villanova,0
2021-10-31,villanova,1
2021-11-01,villanova,0
2021-11-02,villanova,0
2021-11-03,villanova,0
2021-11-04,villanova,0
2021-11-05,villanova,0
2021-11-06,villanova,0
2021-11-07,villanova,0
2021-11-08,villanova,0
2021-11-09,villanova,6
2021-11-10,villanova,3
2021-11-11,villanova,0
2021-11-12,villanova,3
2021-11-13,villanova,3
2021-11-14,villanova,0
2021-11-15,villanova,2
2021-11-16,villanova,4
2021-11-17,villanova,1
2021-11-18,villanova,0
2021-11-19,villanova,1
2021-11-20,villanova,3
2021-11-21,villanova,4
2021-11-22,villanova,1
2021-11-23,villanova,2
2021-11-24,villanova,0
2021-11-25,villanova,0
2021-11-26,villanova,0
2021-11-27,villanova,1
2021-11-28,villanova,2
2021-11-29,villanova,3
2021-11-30,villanova,2
2021-12-01,villanova,2
2021-12-02,villanova,1
2021-12-03,villanova,0
2021-12-04,villanova,5
2021-12-05,villanova,1
2021-12-06,villanova,1
2021-12-07,villanova,1
2021-12-08,villanova,3
2021-12-09,villanova,1
2021-12-10,villanova,0
2021-12-11,villanova,0
2021-12-12,villanova,5
2021-12-13,villanova,3
2021-12-14,villanova,0
2021-12-15,villanova,0
2021-12-16,villanova,0
2021-12-17,villanova,1
2021-12-18,villanova,3
2021-12-19,villanova,0
2021-12-20,villanova,3
2021-12-21,villanova,2
2021-12-22,villanova,3
2021-12-23,villanova,2
2021-12-24,villanova,0
2021-12-25,villanova,0
2021-12-26,villanova,0
2021-12-27,villanova,2
2021-12-28,villanova,0
2021-12-29,villanova,2
2021-12-30,villanova,0
2021-12-31,villanova,0
2022-01-01,villanova,5
2022-01-02,villanova,0
2022-01-03,villanova,2
2022-01-04,villanova,0
2022-01-05,villanova,3
2022-01-06,villanova,3
2022-01-07,villanova,0
2022-01-08,villanova,3
2022-01-09,villanova,0
2022-01-10,villanova,1
2022-01-11,villanova,0
2022-01-12,villanova,4
2022-01-13,villanova,2
2022-01-14,villanova,0
2022-01-15,villanova,2
2022-01-16,villanova,3
2022-01-17,villanova,3
2022-01-18,villanova,0
2022-01-19,villanova,3
2022-01-20,villanova,2
2022-01-21,villanova,1
2022-01-22,villanova,3
2022-01-23,villanova,1
2022-01-24,villanova,3
2022-01-25,villanova,5
2022-01-26,villanova,3
2022-01-27,villanova,0
2022-01-28,villanova,1
2022-01-29,villanova,3
2022-01-30,villanova,3
2022-01-31,villanova,1
2022-02-01,villanova,5
2022-02-02,villanova,3
2022-02-03,villanova,4
2022-02-04,villanova,0
2022-02-05,villanova,5
2022-02-06,villanova,1
2022-02-07,villanova,2
2022-02-08,villanova,4
2022-02-09,villanova,3
2022-02-10,villanova,3
2022-02-11,villanova,3
2022-02-12,villanova,3
2022-02-13,villanova,2
2022-02-14,villanova,2
2022-02-15,villanova,3
2022-02-16,villanova,4
2022-02-17,villanova,2
2022-02-18,villanova,2
2022-02-19,villanova,2
2022-02-20,villanova,1
2022-02-21,villanova,2
2022-02-22,villanova,3
2022-02-23,villanova,4
2022-02-24,villanova,1
2022-02-25,villanova,1
2022-02-26,villanova,3
2022-02-27,villanova,1
2022-02-28,villanova,2
2022-03-01,villanova,3
2022-03-02,villanova,3
2022-03-03,villanova,1
2022-03-04,villanova,1
2022-03-05,villanova,4
2022-03-06,villanova,3
2022-03-07,villanova,4
2022-03-08,villanova,0
2022-03-09,villanova,0
2022-03-10,villanova,4
2022-03-11,villanova,6
2022-03-12,villanova,6
2022-03-13,villanova,4
2022-03-14,villanova,6
2022-03-15,villanova,5
2022-03-16,villanova,7
2022-03-17,villanova,0
2022-03-18,villanova,3
2022-03-19,villanova,0
2022-03-20,villanova,4
2022-03-21,villanova,3
2022-03-22,villanova,2
2022-03-23,villanova,2
2022-03-24,villanova,4
2022-03-25,villanova,4
2022-03-26,villanova,6
2022-03-27,villanova,10
2022-03-28,villanova,10
2022-03-29,villanova,3
2022-03-30,villanova,2
2022-03-31,villanova,2
2022-04-01,villanova,2
2022-04-02,villanova,4
2022-04-03,villanova,2
2022-04-04,villanova,3
2022-04-05,villanova,6
2022-04-06,villanova,3
2022-04-07,villanova,1
2022-04-08,villanova,1
2022-04-09,villanova,3
2022-04-10,villanova,1
2022-04-11,villanova,5
2022-04-12,villanova,1
2022-04-13,villanova,1
2022-04-14,villanova,2
2022-04-15,villanova,1
2022-04-16,villanova,1
2022-04-17,villanova,0
2022-04-18,villanova,0
2022-04-19,villanova,0
2022-04-20,villanova,0
2022-04-21,villanova,3
2022-04-22,villanova,0
2022-04-23,villanova,0
2022-04-24,villanova,1
2022-04-25,villanova,1
2022-04-26,villanova,0
2022-04-27,villanova,1
2022-04-28,villanova,0
2022-04-29,villanova,1
2021-09-01,arkansas,0
2021-09-02,arkansas,1
2021-09-03,arkansas,0
2021-09-04,arkansas,0
2021-09-05,arkansas,0
2021-09-06,arkansas,0
2021-09-07,arkansas,0
2021-09-08,arkansas,0
2021-09-09,arkansas,0
2021-09-10,arkansas,0
2021-09-11,arkansas,0
2021-09-12,arkansas,0
2021-09-13,arkansas,0
2021-09-14,arkansas,0
2021-09-15,arkansas,0
2021-09-16,arkansas,0
2021-09-17,arkansas,0
2021-09-18,arkansas,0
2021-09-19,arkansas,0
2021-09-20,arkansas,0
2021-09-21,arkansas,1
2021-09-22,arkansas,0
2021-09-23,arkansas,0
2021-09-24,arkansas,0
2021-09-25,arkansas,0
2021-09-27,arkansas,0
2021-09-28,arkansas,0
2021-09-29,arkansas,1
2021-09-30,arkansas,0
2021-10-01,arkansas,0
2021-10-02,arkansas,0
2021-10-03,arkansas,2
2021-10-04,arkansas,0
2021-10-05,arkansas,0
2021-10-06,arkansas,1
2021-10-07,arkansas,0
2021-10-08,arkansas,0
2021-10-09,arkansas,0
2021-10-10,arkansas,0
2021-10-11,arkansas,0
2021-10-12,arkansas,0
2021-10-13,arkansas,0
2021-10-14,arkansas,1
2021-10-15,arkansas,0
2021-10-16,arkansas,0
2021-10-17,arkansas,1
2021-10-18,arkansas,1
2021-10-19,arkansas,0
2021-10-20,arkansas,1
2021-10-21,arkansas,0
2021-10-22,arkansas,1
2021-10-23,arkansas,0
2021-10-24,arkansas,0
2021-10-25,arkansas,1
2021-10-26,arkansas,0
2021-10-27,arkansas,2
2021-10-28,arkansas,0
2021-10-29,arkansas,0
2021-10-30,arkansas,0
2021-10-31,arkansas,1
2021-11-01,arkansas,0
2021-11-02,arkansas,0
2021-11-03,arkansas,0
2021-11-04,arkansas,0
2021-11-05,arkansas,0
2021-11-06,arkansas,0
2021-11-07,arkansas,0
2021-11-08,arkansas,0
2021-11-09,arkansas,2
2021-11-10,arkansas,6
2021-11-11,arkansas,0
2021-11-12,arkansas,3
2021-11-13,arkansas,6
2021-11-14,arkansas,1
2021-11-15,arkansas,3
2021-11-16,arkansas,1
2021-11-17,arkansas,1
2021-11-18,arkansas,6
2021-11-19,arkansas,1
2021-11-20,arkansas,1
2021-11-21,arkansas,0
2021-11-22,arkansas,2
2021-11-23,arkansas,4
2021-11-24,arkansas,3
2021-11-25,arkansas,2
2021-11-26,arkansas,0
2021-11-27,arkansas,2
2021-11-28,arkansas,3
2021-11-29,arkansas,3
2021-11-30,arkansas,0
2021-12-01,arkansas,1
2021-12-02,arkansas,5
2021-12-03,arkansas,0
2021-12-04,arkansas,6
2021-12-05,arkansas,0
2021-12-06,arkansas,3
2021-12-07,arkansas,1
2021-12-08,arkansas,3
2021-12-09,arkansas,0
2021-12-10,arkansas,1
2021-12-11,arkansas,3
2021-12-12,arkansas,0
2021-12-13,arkansas,2
2021-12-14,arkansas,1
2021-12-15,arkansas,4
2021-12-16,arkansas,0
2021-12-17,arkansas,1
2021-12-18,arkansas,2
2021-12-19,arkansas,5
2021-12-20,arkansas,2
2021-12-21,arkansas,1
2021-12-22,arkansas,3
2021-12-23,arkansas,0
2021-12-24,arkansas,0
2021-12-25,arkansas,0
2021-12-26,arkansas,0
2021-12-27,arkansas,2
2021-12-28,arkansas,0
2021-12-29,arkansas,2
2021-12-30,arkansas,4
2021-12-31,arkansas,1
2022-01-01,arkansas,2
2022-01-02,arkansas,0
2022-01-03,arkansas,1
2022-01-04,arkansas,1
2022-01-05,arkansas,4
2022-01-06,arkansas,1
2022-01-07,arkansas,0
2022-01-08,arkansas,3
2022-01-09,arkansas,1
2022-01-10,arkansas,1
2022-01-11,arkansas,1
2022-01-12,arkansas,2
2022-01-13,arkansas,3
2022-01-14,arkansas,0
2022-01-15,arkansas,4
2022-01-16,arkansas,0
2022-01-17,arkansas,1
2022-01-18,arkansas,1
2022-01-19,arkansas,4
2022-01-20,arkansas,1
2022-01-21,arkansas,0
2022-01-22,arkansas,2
2022-01-23,arkansas,4
2022-01-24,arkansas,3
2022-01-25,arkansas,2
2022-01-26,arkansas,1
2022-01-27,arkansas,4
2022-01-28,arkansas,2
2022-01-29,arkansas,3
2022-01-30,arkansas,2
2022-01-31,arkansas,1
2022-02-01,arkansas,2
2022-02-02,arkansas,2
2022-02-03,arkansas,2
2022-02-04,arkansas,2
2022-02-05,arkansas,2
2022-02-06,arkansas,3
2022-02-07,arkansas,3
2022-02-08,arkansas,6
2022-02-09,arkansas,3
2022-02-10,arkansas,1
2022-02-11,arkansas,0
2022-02-12,arkansas,3
2022-02-13,arkansas,1
2022-02-14,arkansas,4
2022-02-15,arkansas,4
2022-02-16,arkansas,5
2022-02-17,arkansas,1
2022-02-18,arkansas,3
2022-02-19,arkansas,4
2022-02-20,arkansas,0
2022-02-21,arkansas,2
2022-02-22,arkansas,3
2022-02-23,arkansas,2
2022-02-24,arkansas,3
2022-02-25,arkansas,3
2022-02-26,arkansas,8
2022-02-27,arkansas,1
2022-02-28,arkansas,3
2022-03-01,arkansas,3
2022-03-02,arkansas,3
2022-03-03,arkansas,6
2022-03-04,arkansas,4
2022-03-05,arkansas,6
2022-03-06,arkansas,3
2022-03-07,arkansas,4
2022-03-08,arkansas,1
2022-03-09,arkansas,2
2022-03-10,arkansas,2
2022-03-11,arkansas,6
2022-03-12,arkansas,6
2022-03-13,arkansas,3
2022-03-14,arkansas,2
2022-03-15,arkansas,3
2022-03-16,arkansas,4
2022-03-17,arkansas,2
2022-03-18,arkansas,2
2022-03-19,arkansas,3
2022-03-20,arkansas,1
2022-03-21,arkansas,6
2022-03-22,arkansas,3
2022-03-23,arkansas,2
2022-03-24,arkansas,3
2022-03-25,arkansas,3
2022-03-26,arkansas,8
2022-03-27,arkansas,2
2022-03-28,arkansas,2
2022-03-29,arkansas,2
2022-03-30,arkansas,1
2022-03-31,arkansas,1
2022-04-01,arkansas,0
2022-04-02,arkansas,0
2022-04-03,arkansas,0
2022-04-04,arkansas,0
2022-04-05,arkansas,2
2022-04-06,arkansas,4
2022-04-07,arkansas,0
2022-04-08,arkansas,0
2022-04-09,arkansas,2
2022-04-10,arkansas,1
2022-04-11,arkansas,3
2022-04-12,arkansas,1
2022-04-13,arkansas,1
2022-04-14,arkansas,2
2022-04-15,arkansas,1
2022-04-16,arkansas,1
2022-04-17,arkansas,0
2022-04-18,arkansas,1
2022-04-19,arkansas,0
2022-04-20,arkansas,0
2022-04-21,arkansas,2
2022-04-22,arkansas,0
2022-04-23,arkansas,0
2022-04-24,arkansas,1
2022-04-25,arkansas,0
2022-04-26,arkansas,1
2022-04-27,arkansas,0
2022-04-28,arkansas,0
2022-04-29,arkansas,0
2021-09-01,saint_peters,0
2021-09-02,saint_peters,0
2021-09-03,saint_peters,0
2021-09-04,saint_peters,0
2021-09-05,saint_peters,0
2021-09-06,saint_peters,0
2021-09-07,saint_peters,0
2021-09-08,saint_peters,0
2021-09-09,saint_peters,0
2021-09-10,saint_peters,0
2021-09-11,saint_peters,0
2021-09-12,saint_peters,0
2021-09-13,saint_peters,0
2021-09-14,saint_peters,0
2021-09-15,saint_peters,0
2021-09-16,saint_peters,0
2021-09-17,saint_peters,0
2021-09-18,saint_peters,0
2021-09-19,saint_peters,0
2021-09-20,saint_peters,0
2021-09-21,saint_peters,0
2021-09-22,saint_peters,0
2021-09-23,saint_peters,0
2021-09-24,saint_peters,0
2021-09-25,saint_peters,0
2021-09-27,saint_peters,0
2021-09-28,saint_peters,0
2021-09-29,saint_peters,0
2021-09-30,saint_peters,0
2021-10-01,saint_peters,0
2021-10-02,saint_peters,0
2021-10-03,saint_peters,0
2021-10-04,saint_peters,0
2021-10-05,saint_peters,0
2021-10-06,saint_peters,0
2021-10-07,saint_peters,0
2021-10-08,saint_peters,0
2021-10-09,saint_peters,0
2021-10-10,saint_peters,0
2021-10-11,saint_peters,0
2021-10-12,saint_peters,0
2021-10-13,saint_peters,0
2021-10-14,saint_peters,0
2021-10-15,saint_peters,0
2021-10-16,saint_peters,0
2021-10-17,saint_peters,1
2021-10-18,saint_peters,0
2021-10-19,saint_peters,0
2021-10-20,saint_peters,0
2021-10-21,saint_peters,0
2021-10-22,saint_peters,0
2021-10-23,saint_peters,0
2021-10-24,saint_peters,0
2021-10-25,saint_peters,0
2021-10-26,saint_peters,0
2021-10-27,saint_peters,0
2021-10-28,saint_peters,0
2021-10-29,saint_peters,0
2021-10-30,saint_peters,0
2021-10-31,saint_peters,0
2021-11-01,saint_peters,0
2021-11-02,saint_peters,0
2021-11-03,saint_peters,0
2021-11-04,saint_peters,0
2021-11-05,saint_peters,0
2021-11-06,saint_peters,0
2021-11-07,saint_peters,0
2021-11-08,saint_peters,0
2021-11-09,saint_peters,2
2021-11-10,saint_peters,1
2021-11-11,saint_peters,1
2021-11-12,saint_peters,0
2021-11-13,saint_peters,5
2021-11-14,saint_peters,0
2021-11-15,saint_peters,1
2021-11-16,saint_peters,0
2021-11-17,saint_peters,2
2021-11-18,saint_peters,2
2021-11-19,saint_peters,2
2021-11-20,saint_peters,0
2021-11-21,saint_peters,1
2021-11-22,saint_peters,0
2021-11-23,saint_peters,1
2021-11-24,saint_peters,0
2021-11-25,saint_peters,0
2021-11-26,saint_peters,0
2021-11-27,saint_peters,3
2021-11-28,saint_peters,0
2021-11-29,saint_peters,1
2021-11-30,saint_peters,0
2021-12-01,saint_peters,0
2021-12-02,saint_peters,0
2021-12-03,saint_peters,1
2021-12-04,saint_peters,0
2021-12-05,saint_peters,1
2021-12-06,saint_peters,0
2021-12-07,saint_peters,0
2021-12-08,saint_peters,1
2021-12-09,saint_peters,0
2021-12-10,saint_peters,0
2021-12-11,saint_peters,0
2021-12-12,saint_peters,1
2021-12-13,saint_peters,1
2021-12-14,saint_peters,0
2021-12-15,saint_peters,0
2021-12-16,saint_peters,0
2021-12-17,saint_peters,0
2021-12-18,saint_peters,1
2021-12-19,saint_peters,1
2021-12-20,saint_peters,0
2021-12-21,saint_peters,0
2021-12-22,saint_peters,1
2021-12-23,saint_peters,0
2021-12-24,saint_peters,0
2021-12-25,saint_peters,0
2021-12-26,saint_peters,0
2021-12-27,saint_peters,0
2021-12-28,saint_peters,1
2021-12-29,saint_peters,0
2021-12-30,saint_peters,0
2021-12-31,saint_peters,1
2022-01-01,saint_peters,0
2022-01-02,saint_peters,0
2022-01-03,saint_peters,0
2022-01-04,saint_peters,0
2022-01-05,saint_peters,0
2022-01-06,saint_peters,0
2022-01-07,saint_peters,1
2022-01-08,saint_peters,0
2022-01-09,saint_peters,1
2022-01-10,saint_peters,0
2022-01-11,saint_peters,0
2022-01-12,saint_peters,0
2022-01-13,saint_peters,0
2022-01-14,saint_peters,2
2022-01-15,saint_peters,1
2022-01-16,saint_peters,1
2022-01-17,saint_peters,0
2022-01-18,saint_peters,1
2022-01-19,saint_peters,0
2022-01-20,saint_peters,0
2022-01-21,saint_peters,1
2022-01-22,saint_peters,0
2022-01-23,saint_peters,1
2022-01-24,saint_peters,1
2022-01-25,saint_peters,0
2022-01-26,saint_peters,1
2022-01-27,saint_peters,0
2022-01-28,saint_peters,1
2022-01-29,saint_peters,0
2022-01-30,saint_peters,3
2022-01-31,saint_peters,0
2022-02-01,saint_peters,0
2022-02-02,saint_peters,0
2022-02-03,saint_peters,0
2022-02-04,saint_peters,1
2022-02-05,saint_peters,0
2022-02-06,saint_peters,1
2022-02-07,saint_peters,0
2022-02-08,saint_peters,0
2022-02-09,saint_peters,0
2022-02-10,saint_peters,0
2022-02-11,saint_peters,1
2022-02-12,saint_peters,2
2022-02-13,saint_peters,0
2022-02-14,saint_peters,1
2022-02-15,saint_peters,2
2022-02-16,saint_peters,2
2022-02-17,saint_peters,0
2022-02-18,saint_peters,3
2022-02-19,saint_peters,0
2022-02-20,saint_peters,1
2022-02-21,saint_peters,0
2022-02-22,saint_peters,0
2022-02-23,saint_peters,0
2022-02-24,saint_peters,0
2022-02-25,saint_peters,2
2022-02-26,saint_peters,1
2022-02-27,saint_peters,3
2022-02-28,saint_peters,0
2022-03-01,saint_peters,1
2022-03-02,saint_peters,1
2022-03-03,saint_peters,0
2022-03-04,saint_peters,0
2022-03-05,saint_peters,1
2022-03-06,saint_peters,0
2022-03-07,saint_peters,0
2022-03-08,saint_peters,0
2022-03-09,saint_peters,1
2022-03-10,saint_peters,1
2022-03-11,saint_peters,1
2022-03-12,saint_peters,5
2022-03-13,saint_peters,1
2022-03-14,saint_peters,1
2022-03-15,saint_peters,2
2022-03-16,saint_peters,1
2022-03-17,saint_peters,2
2022-03-18,saint_peters,8
2022-03-19,saint_peters,4
2022-03-20,saint_peters,2
2022-03-21,saint_peters,1
2022-03-22,saint_peters,2
2022-03-23,saint_peters,1
2022-03-24,saint_peters,3
2022-03-25,saint_peters,5
2022-03-26,saint_peters,11
2022-03-27,saint_peters,7
2022-03-28,saint_peters,1
2022-03-29,saint_peters,2
2022-03-30,saint_peters,1
2022-03-31,saint_peters,0
2022-04-01,saint_peters,1
2022-04-02,saint_peters,0
2022-04-03,saint_peters,1
2022-04-04,saint_peters,1
2022-04-05,saint_peters,1
2022-04-06,saint_peters,2
2022-04-07,saint_peters,1
2022-04-08,saint_peters,1
2022-04-09,saint_peters,0
2022-04-10,saint_peters,0
2022-04-11,saint_peters,4
2022-04-12,saint_peters,1
2022-04-13,saint_peters,0
2022-04-14,saint_peters,1
2022-04-15,saint_peters,0
2022-04-16,saint_peters,0
2022-04-17,saint_peters,0
2022-04-18,saint_peters,1
2022-04-19,saint_peters,0
2022-04-20,saint_peters,0
2022-04-21,saint_peters,0
2022-04-22,saint_peters,0
2022-04-23,saint_peters,0
2022-04-24,saint_peters,0
2022-04-25,saint_peters,0
2022-04-26,saint_peters,0
2022-04-27,saint_peters,0
2022-04-28,saint_peters,0
2022-04-29,saint_peters,0
