,Date,Opponent,Unnamed: 8,Tm,Opp,OT,W,L,Streak
0,"Tue, Nov 9, 2021",Michigan State,W,87,74,,1,0,W 1
1,"Fri, Nov 12, 2021",Tarleton State,W,88,62,,2,0,W 2
2,"Thu, Nov 18, 2021",Stony Brook,W,88,59,,3,0,W 3
3,"Thu, Nov 25, 2021",North Texas,W,71,59,,4,0,W 4
4,"Fri, Nov 26, 2021",Dayton,L,73,74,,4,1,L 1
5,"Sun, Nov 28, 2021",Iona,W,96,83,,5,1,W 1
6,"Fri, Dec 3, 2021",St. John's (NY),W,95,75,,6,1,W 2
7,"Tue, Dec 7, 2021",UTEP,W,78,52,,7,1,W 3
8,"Sat, Dec 11, 2021",Missouri,W,102,65,,8,1,W 4
9,"Sat, Dec 18, 2021",Stephen F. Austin,W,80,72,,9,1,W 5
10,"Wed, Dec 29, 2021",Nevada,W,88,61,,10,1,W 6
11,"Sat, Jan 1, 2022",George Mason,W,76,67,,11,1,W 7
12,"Tue, Jan 4, 2022",Oklahoma State,W,74,63,,12,1,W 8
13,"Sat, Jan 8, 2022",Texas Tech (25),L,67,75,,12,2,L 1
14,"Tue, Jan 11, 2022",Iowa State (15),W,62,61,,13,2,W 1
15,"Sat, Jan 15, 2022",West Virginia,W,85,59,,14,2,W 2
16,"Tue, Jan 18, 2022",Oklahoma,W,67,64,,15,2,W 3
17,"Sat, Jan 22, 2022",Kansas State,W,78,75,,16,2,W 4
18,"Mon, Jan 24, 2022",Texas Tech (13),W,94,91,2OT,17,2,W 5
19,"Sat, Jan 29, 2022",Kentucky (12),L,62,80,,17,3,L 1
20,"Tue, Feb 1, 2022",Iowa State (20),W,70,61,,18,3,W 1
21,"Sat, Feb 5, 2022",Baylor (8),W,83,59,,19,3,W 2
22,"Mon, Feb 7, 2022",Texas (20),L,76,79,,19,4,L 1
23,"Sat, Feb 12, 2022",Oklahoma,W,71,69,,20,4,W 1
24,"Mon, Feb 14, 2022",Oklahoma State,W,76,62,,21,4,W 2
25,"Sat, Feb 19, 2022",West Virginia,W,71,58,,22,4,W 3
26,"Tue, Feb 22, 2022",Kansas State,W,102,83,,23,4,W 4
27,"Sat, Feb 26, 2022",Baylor (10),L,70,80,,23,5,L 1
28,"Tue, Mar 1, 2022",TCU,L,64,74,,23,6,L 2
29,"Thu, Mar 3, 2022",TCU,W,72,68,,24,6,W 1
30,"Sat, Mar 5, 2022",Texas (21),W,70,63,OT,25,6,W 2
32,"Thu, Mar 10, 2022",West Virginia,W,87,63,,26,6,W 3
33,"Fri, Mar 11, 2022",TCU,W,75,62,,27,6,W 4
34,"Sat, Mar 12, 2022",Texas Tech (14),W,74,65,,28,6,W 5
36,"Thu, Mar 17, 2022",Texas Southern,W,83,56,,29,6,W 6
37,"Sat, Mar 19, 2022",Creighton,W,79,72,,30,6,W 7
38,"Fri, Mar 25, 2022",Providence (13),W,66,61,,31,6,W 8
39,"Sun, Mar 27, 2022",Miami (FL),W,76,50,,32,6,W 9
40,"Sat, Apr 2, 2022",Villanova (6),W,81,65,,33,6,W 10
41,"Mon, Apr 4, 2022",North Carolina,W,72,69,,34,6,W 11
