,Alabama,Arizona,Arkansas,Auburn,BYU,Baylor,Boise State,Colorado State,Davidson,Duke,Florida,Florida State,Gonzaga,Houston,Illinois,Iowa,Iowa State,Kansas,Kentucky,LSU,School,Loyola (IL),Marquette,Maryland,Memphis,Michigan,Michigan State,Murray State,Ohio State,Oregon,Providence,Purdue,Saint Mary's,Seton Hall,St. Bonaventure,Tennessee,Texas,Texas Tech,UCLA,UConn,UNC,USC,Villanova,Virginia,Wisconsin,Wyoming,Xavier
0,14.0,,16.0,22,,8,,,,9,,20.0,1,15,11.0,,,3,10,,,,,21.0,12.0,6.0,,,17.0,13.0,,7,,,23.0,18,5.0,,2,24.0,19.0,,4,25.0,,,
1,14.0,,16.0,21,,9,,,,7,24.0,,1,15,10.0,,,3,13,,,,,20.0,11.0,4.0,,,19.0,12.0,,6,,,22.0,17,8.0,,2,23.0,18.0,25.0,5,,,,
2,10.0,17.0,13.0,19,18.0,6,,,,5,23.0,,1,12,14.0,,,4,10,,,,,,9.0,20.0,,,,,,3,,21.0,16.0,15,8.0,,2,22.0,,24.0,7,,,,25.0
3,16.0,11.0,10.0,21,12.0,4,,,,1,14.0,,3,15,,,19.0,8,9,,,,,,18.0,24.0,22.0,,,,,2,,25.0,,13,7.0,,5,17.0,,20.0,6,,23.0,,
4,9.0,11.0,12.0,18,24.0,2,,,,3,20.0,,5,14,,,17.0,8,10,25.0,,,,,,,19.0,,21.0,,,1,,23.0,,13,7.0,,4,15.0,,16.0,6,,22.0,,
5,6.0,8.0,24.0,13,,1,,23.0,,2,,,5,14,,,11.0,7,21,19.0,,,,,,,12.0,,15.0,,,3,,16.0,,18,17.0,25.0,4,20.0,,10.0,9,,,,22.0
6,10.0,6.0,,12,,1,,21.0,,2,,,4,13,,,9.0,7,20,17.0,,,,,,,11.0,,14.0,,22.0,3,,15.0,,19,16.0,25.0,5,,,8.0,23,,24.0,,18.0
7,19.0,9.0,,11,,1,,20.0,,2,,,4,12,,,8.0,6,18,16.0,,,,,,,10.0,,13.0,,21.0,3,,15.0,,14,17.0,25.0,5,,,7.0,22,,24.0,,23.0
8,15.0,8.0,,9,,1,,20.0,,2,,,4,12,,,11.0,6,16,21.0,,,,,,,10.0,,13.0,,16.0,3,,24.0,,18,14.0,25.0,5,,,7.0,19,,23.0,,22.0
9,24.0,6.0,,4,,1,,,,8,,,2,11,25.0,,15.0,9,18,12.0,,,,,,,10.0,,16.0,,23.0,7,,20.0,,22,21.0,19.0,3,,,5.0,14,,13.0,,17.0
10,,3.0,,2,,5,,,,6,,,1,10,17.0,,15.0,7,12,13.0,,22.0,,,,,14.0,,19.0,,21.0,4,,,,24,23.0,18.0,9,25.0,,16.0,11,,8.0,,20.0
11,,3.0,,1,,4,,,25.0,9,,,2,7,24.0,,23.0,5,12,19.0,,,22.0,,,,10.0,,16.0,,17.0,6,,,,18,,13.0,7,20.0,,15.0,14,,11.0,,21.0
12,,7.0,,1,,8,,,,9,,,2,6,18.0,,20.0,10,5,25.0,,,24.0,,,,13.0,,16.0,,15.0,4,,,,22,23.0,14.0,3,17.0,,19.0,12,,11.0,,21.0
13,,4.0,,1,,10,,,,7,,,2,6,13.0,,,8,5,,,,18.0,,,,17.0,23.0,16.0,,11.0,3,22.0,,,19,20.0,9.0,12,24.0,,21.0,15,,14.0,,25.0
14,25.0,3.0,23.0,2,,7,,,,9,,,1,14,12.0,,,6,4,,,,,,,,19.0,21.0,18.0,,8.0,5,,,,16,20.0,11.0,13,24.0,,17.0,10,,15.0,22.0,
15,24.0,2.0,18.0,3,,10,,,,7,,,1,14,15.0,25.0,,5,6,,,,,,,,,19.0,22.0,,11.0,4,23.0,,,17,20.0,9.0,12,21.0,,16.0,8,,13.0,,
16,25.0,2.0,14.0,5,,3,,,,4,,,1,14,20.0,24.0,,6,7,,,,,,,,,22.0,23.0,,9.0,8,19.0,,,13,21.0,12.0,17,18.0,,16.0,11,,10.0,,
17,,2.0,15.0,4,,3,,23.0,,7,,,1,18,16.0,24.0,,6,5,,,,,,,,,19.0,,,11.0,9,17.0,,,9,22.0,14.0,13,20.0,25.0,21.0,8,,12.0,,
18,,2.0,17.0,8,,4,23.0,24.0,,9,,,1,15,19.0,16.0,,3,7,,,,,,,,,20.0,,,13.0,10,18.0,,,5,25.0,12.0,11,21.0,,22.0,6,,14.0,,
